match_id,match_seq_num,radiant_win,start_time,duration,avg_mmr,num_mmr,lobby_type,game_mode,avg_rank_tier,num_rank_tier,cluster,radiant_team,dire_team
5436480704,4556352479,True,1590493998,1238,4219,5,7,22,80,6,186,"34,62,50,1,39","10,104,68,25,41"
5436480904,4556380152,False,1590494008,1895,4677,5,7,22,80,5,131,"114,110,106,62,51","42,98,30,120,10"
5436483019,4556372810,True,1590494084,2656,5515,5,7,22,80,7,201,"12,39,104,68,85","54,21,53,47,3"
5436487011,4556397504,False,1590494244,1761,4021,3,7,22,80,8,156,"8,45,60,94,121","58,46,51,63,48"
5436487101,4556446262,False,1590494244,2477,4958,4,7,22,80,6,182,"38,68,102,39,93","99,3,110,109,97"
5436490203,4556377099,True,1590494373,2303,5398,4,0,3,80,4,227,"106,44,87,21,128","119,43,42,86,108"
5436493411,4556408694,False,1590494462,2922,5486,1,7,22,80,3,193,"121,5,36,34,10","1,120,90,17,86"
5436508605,4556381770,False,1590494957,2109,5448,1,7,22,80,4,136,"126,28,84,10,83","112,23,32,111,120"
5436511813,4556402341,True,1590495064,2796,5068,5,7,22,80,7,137,"44,108,63,46,3","31,39,8,56,49"
5436522105,4556393290,True,1590495408,2112,4525,5,7,22,80,8,183,"56,119,104,87,70","52,85,96,8,58"
5436524106,4556374468,True,1590495462,931,6292,5,7,3,80,6,227,"38,93,106,101,27","3,13,45,49,46"
5436525713,4556399035,False,1590495528,1963,5090,6,7,3,80,7,236,"16,35,52,68,106","86,96,70,9,46"
5436526404,4556377871,False,1590495553,1618,5874,6,7,22,80,6,154,"36,70,2,19,5","62,54,31,99,74"
5436527604,4556424581,True,1590495582,2082,5768,4,7,22,80,6,132,"46,5,3,42,38","56,64,41,86,126"
5436536703,4556419428,True,1590496083,1461,4422,2,7,22,80,3,135,"129,27,32,93,100","111,106,16,41,62"
5436546911,4556421751,True,1590496793,3457,6389,9,1,2,80,10,133,"67,17,121,129,30","119,65,2,53,93"
5436546918,4556405595,True,1590496637,1147,5768,3,7,22,80,3,132,"110,66,2,48,77","95,80,3,9,16"
5436549618,4556404430,False,1590496745,2170,4060,4,7,22,80,6,181,"36,5,50,61,95","56,38,86,30,12"
5436552003,4556417670,True,1590496846,2235,6393,7,7,3,80,8,236,"45,49,9,1,25","41,17,30,21,108"
5436553201,4556401403,True,1590496913,1875,4699,2,7,22,80,5,182,"69,121,84,46,93","1,86,3,106,39"
5436556115,4556419464,True,1590497067,2233,5602,6,0,3,80,8,227,"7,114,38,74,5","62,47,49,87,40"
5436557702,4556392150,True,1590497139,1537,5445,4,0,22,80,5,137,"30,96,93,32,26","14,7,23,4,70"
5436559202,4556399953,True,1590497210,1744,5796,6,0,22,80,8,136,"95,103,33,111,120","20,70,107,26,10"
5436561405,4556414433,False,1590497327,1884,5501,4,7,22,80,7,133,"120,23,90,67,53","6,129,106,31,11"
5436562406,4556478367,False,1590497380,2596,6905,4,7,3,80,8,227,"75,36,12,86,29","52,126,93,3,88"
5436570718,4556430663,False,1590497718,2317,5017,4,7,22,80,7,135,"7,1,21,17,85","99,106,11,3,45"
5436571000,4556417040,True,1590497719,1637,6702,5,7,3,80,8,236,"5,77,28,49,21","32,13,105,66,120"
5436574901,4556421586,True,1590498088,2006,6737,8,1,2,80,10,131,"106,36,53,3,62","129,121,46,49,86"
5436577109,4556555940,True,1590498031,1711,5435,5,7,22,80,7,132,"2,42,37,1,46","105,114,90,74,62"
5436580505,4556413761,True,1590498215,2185,5431,5,7,22,80,7,155,"32,31,27,17,120","56,66,70,52,39"
5436584506,4556495791,True,1590498377,2226,4956,2,7,22,80,7,138,"67,17,36,19,64","21,65,42,53,66"
5436584805,4556469223,False,1590498377,1815,6009,1,7,22,80,5,131,"85,52,120,26,109","4,31,21,46,62"
5436585118,4556453019,True,1590498377,2333,5221,7,7,3,80,9,236,"40,39,121,96,93","28,64,70,22,17"
5436588710,4556422757,True,1590498538,1571,6018,3,7,22,80,7,156,"39,106,121,52,67","36,83,126,77,84"
5436591517,4556465492,False,1590498612,2114,5646,2,7,22,80,4,133,"10,68,35,53,12","59,44,104,39,111"
5436594516,4556505090,False,1590498766,1451,5455,8,7,22,80,10,131,"98,21,109,111,114","83,19,49,43,52"
5436595816,4556416578,True,1590498808,1798,4708,6,7,22,80,8,188,"53,110,87,106,8","126,28,63,114,128"
5436598318,4556513582,True,1590498901,1397,5312,8,7,3,80,8,227,"39,69,22,77,32","126,44,84,3,49"
5436607507,4556452653,False,1590499287,1843,5885,3,7,22,80,5,135,"56,62,79,121,54","84,126,61,1,110"
5436607512,4556420769,True,1590499287,1513,5628,2,7,22,80,4,183,"7,12,21,77,85","84,88,34,38,8"
5436608916,4556423982,False,1590499361,1679,5439,7,7,3,80,9,227,"25,44,58,11,23","86,1,38,15,64"
5436613505,4556433417,True,1590499523,1703,5637,3,7,22,80,4,132,"86,53,109,126,90","129,23,3,106,10"
5436614614,4556482477,False,1590499550,1545,4625,6,7,22,80,7,155,"64,6,126,38,71","86,42,39,120,128"
5436619016,4556472101,False,1590499764,2143,4685,3,7,22,80,8,153,"5,59,129,41,14","9,19,104,12,112"
5436619517,4556436760,False,1590499764,1253,5640,5,7,22,80,5,154,"126,44,96,27,82","104,31,62,39,114"
5436622101,4556458112,True,1590499881,2748,5484,8,7,22,80,8,137,"110,77,56,30,2","37,36,54,62,45"
5436625115,4556447132,False,1590500025,1966,4619,3,7,22,80,4,134,"120,93,11,19,87","39,32,3,68,53"
5436629518,4556435027,True,1590500217,1624,5649,5,7,22,80,6,134,"114,11,100,45,38","105,12,36,43,21"
5436631719,4556454519,True,1590500307,1758,5569,3,7,22,80,4,183,"121,126,56,101,114","86,1,25,30,129"
5436631905,4556440130,True,1590500307,1993,4457,8,7,22,80,8,152,"92,56,27,41,17","79,39,83,63,114"
5436641615,4556456219,True,1590500721,1838,5191,4,7,22,80,6,137,"12,65,121,9,126","51,77,31,38,92"
5436642606,4556478235,False,1590500773,3361,3328,2,7,22,80,3,138,"5,113,104,62,1","4,129,63,12,20"
5436642711,4556442871,True,1590500773,1574,4752,2,7,22,80,5,188,"16,27,128,82,70","129,46,30,1,110"
5436644719,4556524645,False,1590500876,2903,4205,3,7,22,80,6,151,"106,79,8,104,111","87,7,10,17,39"
5436647709,4556470673,False,1590500972,2400,5692,3,7,22,80,3,185,"85,41,129,35,56","71,33,39,1,3"
5436654702,4556475138,False,1590501754,2317,7442,9,1,2,80,10,134,"81,11,30,86,126","26,114,39,58,49"
5436655217,4556474788,True,1590501300,2398,5345,2,7,22,80,4,187,"3,41,40,35,99","1,46,100,55,119"
5436662903,4556472520,True,1590501619,1811,5454,8,7,3,80,10,223,"10,60,50,25,13","35,129,43,75,95"
5436664412,4556491113,False,1590501681,1890,4667,4,7,22,80,6,187,"10,86,34,83,121","5,126,88,38,12"
5436668107,4556463917,True,1590501913,1699,4715,4,7,22,80,6,152,"20,42,38,14,39","114,26,126,60,105"
5436669906,4556459594,True,1590501938,1172,4625,5,7,22,80,6,192,"40,95,110,38,46","70,73,128,87,28"
5436670001,4556496645,True,1590501938,1402,4266,3,7,22,80,7,191,"101,31,38,35,12","20,92,48,96,39"
5436670010,4556538405,True,1590501960,1846,4112,3,7,22,80,5,151,"35,20,16,67,74","17,114,51,25,31"
5436671315,4556561599,False,1590501960,2991,3963,7,0,22,80,9,223,"35,79,6,83,74","87,39,21,7,1"
5436672909,4556478142,False,1590502039,2308,4950,6,7,22,80,6,182,"9,126,95,2,83","42,76,69,51,65"
5436675801,4556481785,True,1590502145,1437,5742,3,7,3,80,6,227,"121,77,7,120,59","62,33,46,93,40"
5436676510,4556517140,False,1590502179,2244,5472,3,7,22,80,4,182,"11,5,105,129,93","53,34,89,30,110"
5436677907,4556495241,False,1590502695,2700,8248,8,1,2,80,10,133,"39,112,2,44,110","51,126,3,38,72"
5436678617,4556491900,False,1590502253,2653,5508,7,7,3,80,8,223,"98,74,30,41,13","29,17,5,1,40"
5436679814,4556483246,False,1590502873,1526,7405,9,1,2,80,10,137,"2,84,17,41,121","21,90,92,106,100"
5436683410,4556491540,True,1590502423,2445,5559,5,7,22,80,6,186,"17,85,54,62,86","110,93,11,13,39"
5436689016,4556571897,False,1590502695,2308,5051,6,7,3,80,10,236,"94,129,64,86,46","32,14,16,22,76"
5436692013,4556567766,False,1590502797,2245,4997,9,7,22,80,10,131,"3,4,69,21,129","44,9,16,75,120"
5436692418,4556470668,False,1590502874,881,5661,3,7,22,80,7,138,"68,51,11,3,95","62,47,64,107,12"
5436694113,4556499148,True,1590502915,2042,5782,2,7,22,80,5,135,"92,18,68,109,39","62,4,120,66,86"
5436703019,4556523428,False,1590503273,2444,3697,4,7,22,80,5,136,"23,128,74,3,93","10,22,30,96,126"
5436705805,4556572550,False,1590503423,2655,6580,5,7,3,80,7,236,"75,46,6,40,42","32,3,79,38,34"
5436707608,4556513200,False,1590503474,1789,5681,7,7,3,80,8,223,"70,61,35,25,16","22,12,100,3,38"
5436708502,4556494313,False,1590503518,1784,4951,3,7,22,80,5,153,"114,121,74,88,40","72,12,57,126,65"
5436719019,4556547610,False,1590503949,2229,7705,10,7,3,80,10,227,"7,29,12,70,30","86,73,126,68,38"
5436719407,4556523637,True,1590503967,1137,4352,4,7,22,80,6,135,"8,114,39,33,50","110,85,1,106,96"
5436719607,4556516458,False,1590503949,2468,4700,4,7,22,80,7,251,"63,121,17,70,64","85,110,126,12,59"
5436722105,4556524439,True,1590504105,2371,5087,8,7,22,80,9,135,"126,12,21,64,121","40,54,106,31,100"
5436734705,4556543611,True,1590504600,1824,5182,6,7,3,80,9,236,"45,79,87,49,4","64,8,11,114,110"
5436735712,4556530990,False,1590504646,888,6085,5,7,22,80,6,133,"87,1,49,66,39","73,7,58,36,40"
5436738612,4556513235,True,1590504787,1832,3872,6,7,22,80,7,181,"42,92,62,65,100","63,48,77,49,30"
5436739813,4556569229,True,1590504812,2411,5613,2,0,22,80,4,156,"67,92,111,104,10","3,113,13,109,2"
5436743819,4556514817,False,1590504982,1708,4873,5,7,22,80,5,137,"129,101,46,8,5","75,11,41,83,120"
5436745017,4556540496,True,1590505028,1850,6826,9,7,3,80,9,236,"23,87,110,114,7","74,49,9,106,98"
5436745913,4556527745,False,1590505064,2029,7039,3,7,22,80,6,138,"67,126,39,37,107","71,55,47,31,44"
5436746414,4556546942,True,1590505092,1876,5469,4,7,22,80,6,137,"95,52,64,62,108","12,100,99,31,17"
5436747717,4556550411,True,1590505132,3059,4824,3,7,22,80,4,123,"12,64,27,120,10","62,23,52,119,83"
5436749409,4556553437,False,1590505191,1926,3538,4,7,22,80,6,132,"95,17,98,105,50","28,74,68,70,7"
5436759617,4556591572,True,1590505787,3837,7442,9,1,2,80,10,132,"27,114,39,58,120","95,47,126,83,30"
5436761305,4556572529,False,1590505740,1890,5375,5,7,22,80,7,138,"112,104,93,52,11","129,1,39,101,107"
5436767519,4556551495,False,1590506081,1451,6681,8,1,2,80,10,136,"91,93,84,121,106","39,111,33,88,10"
5436772200,4556555815,True,1590506208,2087,4631,5,7,22,80,9,152,"25,119,108,7,44","120,39,22,56,74"
5436776705,4556590485,False,1590506372,2665,5765,3,7,22,80,7,181,"62,11,2,1,21","22,56,121,16,44"
5436781205,4556617654,False,1590506553,1392,6693,4,7,3,80,7,236,"22,33,105,51,67","98,12,39,120,101"
5436785703,4556601365,True,1590506746,2725,4993,6,7,22,80,10,137,"49,21,56,111,62","79,86,39,12,10"
5436508605,4556381770,False,1590494957,2109,5448,1,7,22,80,4,136,"126,28,84,10,83","112,23,32,111,120"
5436511813,4556402341,True,1590495064,2796,5068,5,7,22,80,7,137,"108,44,3,46,63","39,31,49,56,8"
5436522105,4556393290,True,1590495408,2112,4525,5,7,22,80,8,183,"87,56,119,104,70","8,52,85,96,58"
5436524106,4556374468,True,1590495462,931,6292,5,7,3,80,6,227,"93,38,27,101,106","13,3,46,49,45"
5436525713,4556399035,False,1590495528,1963,5090,6,7,3,80,7,236,"106,16,68,52,35","46,86,9,70,96"
5436526404,4556377871,False,1590495553,1618,5874,6,7,22,80,6,154,"70,36,5,19,2","54,62,74,99,31"
5436527604,4556424581,True,1590495582,2082,5768,4,7,22,80,6,132,"38,3,42,46,5","126,41,86,56,64"
5436536703,4556419428,True,1590496083,1461,4422,2,7,22,80,3,135,"129,100,27,32,93","111,62,106,16,41"
5436546911,4556421751,True,1590496793,3457,6389,9,1,2,80,10,133,"121,30,67,17,129","2,93,119,65,53"
5436546918,4556405595,True,1590496637,1147,5768,3,7,22,80,3,132,"2,66,77,110,48","3,80,16,95,9"
5436549618,4556404430,False,1590496745,2170,4060,4,7,22,80,6,181,"95,36,61,50,5","12,56,30,86,38"
5436552003,4556417670,True,1590496846,2235,6393,7,7,3,80,8,236,"49,45,25,1,9","17,41,108,21,30"
5436553201,4556401403,True,1590496913,1875,4699,2,7,22,80,5,182,"121,69,93,46,84","86,1,39,106,3"
5436556115,4556419464,True,1590497067,2233,5602,6,0,3,80,8,227,"74,7,5,114,38","87,62,40,47,49"
5436557702,4556392150,True,1590497139,1537,5445,4,0,22,80,5,137,"30,96,93,32,26","14,7,23,4,70"
5436559202,4556399953,True,1590497210,1744,5796,6,0,22,80,8,136,"120,95,103,33,111","10,20,70,107,26"
5436561405,4556414433,False,1590497327,1884,5501,4,7,22,80,7,133,"120,53,67,90,23","6,11,31,106,129"
5436562406,4556478367,False,1590497380,2596,6905,4,7,3,80,8,227,"75,29,86,12,36","52,88,3,93,126"
5436570718,4556430663,False,1590497718,2317,5017,4,7,22,80,7,135,"21,17,85,7,1","11,3,45,99,106"
5436571000,4556417040,True,1590497719,1637,6702,5,7,3,80,8,236,"21,49,28,77,5","120,66,105,13,32"
5436574901,4556421586,True,1590498088,2006,6737,8,1,2,80,10,131,"36,53,3,62,106","121,46,49,86,129"
5436577109,4556555940,True,1590498031,1711,5435,5,7,22,80,7,132,"2,37,1,46,42","105,90,74,62,114"
5436580505,4556413761,True,1590498215,2185,5431,5,7,22,80,7,155,"31,27,17,32,120","66,70,52,56,39"
5436584506,4556495791,True,1590498377,2226,4956,2,7,22,80,7,138,"17,67,64,19,36","65,21,66,53,42"
5436584805,4556469223,False,1590498377,1815,6009,1,7,22,80,5,131,"109,85,52,120,26","62,4,31,21,46"
5436585118,4556453019,True,1590498377,2333,5221,7,7,3,80,9,236,"93,39,121,96,40","17,64,70,22,28"
5436588710,4556422757,True,1590498538,1571,6018,3,7,22,80,7,156,"106,39,67,52,121","83,36,84,77,126"
5436591517,4556465492,False,1590498612,2114,5646,2,7,22,80,4,133,"68,10,53,12,35","44,59,39,111,104"
5436594516,4556505090,False,1590498766,1451,5455,8,7,22,80,10,131,"21,111,98,114,109","19,43,83,52,49"
5436595816,4556416578,True,1590498808,1798,4708,6,7,22,80,8,188,"87,8,110,53,106","63,128,28,126,114"
5436598318,4556513582,True,1590498901,1397,5312,8,7,3,80,8,227,"32,39,77,22,69","49,126,3,84,44"
5436607507,4556452653,False,1590499287,1843,5885,3,7,22,80,5,135,"54,121,79,62,56","110,1,61,126,84"
5436607512,4556420769,True,1590499287,1513,5628,2,7,22,80,4,183,"12,21,77,85,7","88,34,38,8,84"
5436608916,4556423982,False,1590499361,1679,5439,7,7,3,80,9,227,"25,44,58,11,23","86,1,38,15,64"
5436613505,4556433417,True,1590499523,1703,5637,3,7,22,80,4,132,"53,109,86,126,90","23,3,129,106,10"
5436614614,4556482477,False,1590499550,1545,4625,6,7,22,80,7,155,"126,71,38,64,6","39,128,120,86,42"
5436619016,4556472101,False,1590499764,2143,4685,3,7,22,80,8,153,"14,41,129,59,5","112,12,104,19,9"
5436619517,4556436760,False,1590499764,1253,5640,5,7,22,80,5,154,"44,27,82,126,96","31,39,114,104,62"
5436622101,4556458112,True,1590499881,2748,5484,8,7,22,80,8,137,"2,110,30,56,77","45,37,62,54,36"
5436625115,4556447132,False,1590500025,1966,4619,3,7,22,80,4,134,"120,93,87,19,11","39,32,53,68,3"
5436629518,4556435027,True,1590500217,1624,5649,5,7,22,80,6,134,"100,114,38,45,11","36,105,21,43,12"
5436631719,4556454519,True,1590500307,1758,5569,3,7,22,80,4,183,"114,121,126,56,101","129,86,1,25,30"
5436631905,4556440130,True,1590500307,1993,4457,8,7,22,80,8,152,"92,56,27,41,17","79,39,83,63,114"
5436641615,4556456219,True,1590500721,1838,5191,4,7,22,80,6,137,"12,126,9,121,65","51,92,38,31,77"
5436642606,4556478235,False,1590500773,3361,3328,2,7,22,80,3,138,"62,5,113,1,104","12,4,129,20,63"
5436642711,4556442871,True,1590500773,1574,4752,2,7,22,80,5,188,"128,27,16,70,82","30,46,129,110,1"
5436644719,4556524645,False,1590500876,2903,4205,3,7,22,80,6,151,"8,111,104,79,106","10,39,17,7,87"
5436647709,4556470673,False,1590500972,2400,5692,3,7,22,80,3,185,"56,35,129,41,85","3,1,39,33,71"
5436654702,4556475138,False,1590501754,2317,7442,9,1,2,80,10,134,"86,81,11,126,30","58,26,114,49,39"
5436655217,4556474788,True,1590501300,2398,5345,2,7,22,80,4,187,"35,3,99,40,41","55,1,119,100,46"
5436662903,4556472520,True,1590501619,1811,5454,8,7,3,80,10,223,"13,10,60,50,25","95,35,129,43,75"
5436664412,4556491113,False,1590501681,1890,4667,4,7,22,80,6,187,"10,121,83,34,86","5,12,38,88,126"
5436668107,4556463917,True,1590501913,1699,4715,4,7,22,80,6,152,"38,42,20,39,14","126,26,114,105,60"
5436669906,4556459594,True,1590501938,1172,4625,5,7,22,80,6,192,"40,95,110,38,46","70,73,128,87,28"
5436670001,4556496645,True,1590501938,1402,4266,3,7,22,80,7,191,"31,101,12,35,38","92,20,39,96,48"
5436670010,4556538405,True,1590501960,1846,4112,3,7,22,80,5,151,"67,20,16,35,74","25,114,51,17,31"
5436671315,4556561599,False,1590501960,2991,3963,7,0,22,80,9,223,"6,79,35,74,83","21,39,87,1,7"
5436672909,4556478142,False,1590502039,2308,4950,6,7,22,80,6,182,"83,9,126,95,2","65,42,76,69,51"
5436675801,4556481785,True,1590502145,1437,5742,3,7,3,80,6,227,"77,121,59,120,7","33,62,40,93,46"
5436676510,4556517140,False,1590502179,2244,5472,3,7,22,80,4,182,"11,129,93,105,5","53,30,110,89,34"
5436677907,4556495241,False,1590502695,2700,8248,8,1,2,80,10,133,"39,2,44,110,112","51,3,38,72,126"
5436678617,4556491900,False,1590502253,2653,5508,7,7,3,80,8,223,"98,30,41,13,74","29,5,1,40,17"
5436679814,4556483246,False,1590502873,1526,7405,9,1,2,80,10,137,"41,84,17,121,2","106,90,92,100,21"
5436683410,4556491540,True,1590502423,2445,5559,5,7,22,80,6,186,"85,17,86,62,54","93,110,39,13,11"
5436689016,4556571897,False,1590502695,2308,5051,6,7,3,80,10,236,"94,129,64,86,46","32,14,16,22,76"
5436692013,4556567766,False,1590502797,2245,4997,9,7,22,80,10,131,"129,3,4,69,21","120,44,9,16,75"
5436692418,4556470668,False,1590502874,881,5661,3,7,22,80,7,138,"68,95,3,11,51","62,12,107,64,47"
5436694113,4556499148,True,1590502915,2042,5782,2,7,22,80,5,135,"92,18,68,109,39","62,4,120,66,86"
5436703019,4556523428,False,1590503273,2444,3697,4,7,22,80,5,136,"93,3,74,128,23","126,96,30,22,10"
5436705805,4556572550,False,1590503423,2655,6580,5,7,3,80,7,236,"42,46,6,40,75","34,3,79,38,32"
5436707608,4556513200,False,1590503474,1789,5681,7,7,3,80,8,223,"70,16,25,35,61","22,38,3,100,12"
5436708502,4556494313,False,1590503518,1784,4951,3,7,22,80,5,153,"114,74,121,88,40","72,57,12,126,65"
5436719019,4556547610,False,1590503949,2229,7705,10,7,3,80,10,227,"29,12,70,30,7","73,126,68,38,86"
5436719407,4556523637,True,1590503967,1137,4352,4,7,22,80,6,135,"50,114,39,33,8","96,85,1,106,110"
5436719607,4556516458,False,1590503949,2468,4700,4,7,22,80,7,251,"121,63,17,70,64","110,85,126,12,59"
5436722105,4556524439,True,1590504105,2371,5087,8,7,22,80,9,135,"64,21,12,121,126","31,106,54,100,40"
5436734705,4556543611,True,1590504600,1824,5182,6,7,3,80,9,236,"45,4,49,79,87","64,110,114,8,11"
5436735712,4556530990,False,1590504646,888,6085,5,7,22,80,6,133,"39,87,66,49,1","40,73,36,58,7"
5436738612,4556513235,True,1590504787,1832,3872,6,7,22,80,7,181,"42,92,62,65,100","63,48,77,49,30"
5436739813,4556569229,True,1590504812,2411,5613,2,0,22,80,4,156,"104,111,92,67,10","109,13,113,3,2"
5436743819,4556514817,False,1590504982,1708,4873,5,7,22,80,5,137,"101,46,8,5,129","11,41,83,120,75"
5436745017,4556540496,True,1590505028,1850,6826,9,7,3,80,9,236,"110,87,114,7,23","9,49,106,98,74"
5436745913,4556527745,False,1590505064,2029,7039,3,7,22,80,6,138,"39,126,67,107,37","47,55,71,44,31"
5436746414,4556546942,True,1590505092,1876,5469,4,7,22,80,6,137,"108,52,64,62,95","17,100,99,31,12"
5436747717,4556550411,True,1590505132,3059,4824,3,7,22,80,4,123,"10,64,12,27,120","83,23,62,52,119"
5436749409,4556553437,False,1590505191,1926,3538,4,7,22,80,6,132,"17,95,105,98,50","74,28,70,68,7"
5436759617,4556591572,True,1590505787,3837,7442,9,1,2,80,10,132,"120,27,114,39,58","30,95,47,126,83"
5436761305,4556572529,False,1590505740,1890,5375,5,7,22,80,7,138,"93,112,104,52,11","39,129,1,101,107"
5436767519,4556551495,False,1590506081,1451,6681,8,1,2,80,10,136,"93,121,106,91,84","111,88,10,39,33"
5436772200,4556555815,True,1590506208,2087,4631,5,7,22,80,9,152,"44,25,7,119,108","74,120,56,39,22"
5436776705,4556590485,False,1590506372,2665,5765,3,7,22,80,7,181,"11,21,1,2,62","56,44,16,121,22"
5436781205,4556617654,False,1590506553,1392,6693,4,7,3,80,7,236,"33,22,67,51,105","12,98,101,120,39"
5436785703,4556601365,True,1590506746,2725,4993,6,7,22,80,10,137,"62,49,111,56,21","10,79,12,39,86"
5436788507,4556594677,False,1590506881,1426,5093,3,7,22,80,4,136,"21,77,128,3,12","38,29,90,107,95"
5436790203,4556655679,True,1590506954,3007,5206,4,7,22,80,5,187,"53,75,8,7,17","86,95,83,80,129"
5436791107,4556565632,False,1590506980,2048,5780,5,7,22,80,7,152,"114,39,78,110,90","104,7,10,12,45"
5436792719,4556545700,True,1590507053,1108,4923,6,7,22,80,7,183,"2,100,93,56,7","66,54,13,50,39"
5436798618,4556582614,True,1590507311,1872,5323,2,7,22,80,3,131,"86,53,120,30,42","45,68,106,17,7"
5436798914,4556635043,True,1590507329,1402,5669,2,7,22,80,7,131,"77,110,48,96,111","86,53,59,10,129"
5436800904,4556593370,False,1590507388,2698,4512,4,7,22,80,4,133,"104,46,5,70,68","126,2,3,67,35"
5436527604,4556424581,True,1590495582,2082,5768,4,7,22,80,6,132,"3,5,46,38,42","41,64,56,126,86"
5436536703,4556419428,True,1590496083,1461,4422,2,7,22,80,3,135,"129,27,32,93,100","111,106,16,41,62"
5436546911,4556421751,True,1590496793,3457,6389,9,1,2,80,10,133,"30,67,129,121,17","93,119,53,2,65"
5436546918,4556405595,True,1590496637,1147,5768,3,7,22,80,3,132,"66,2,48,110,77","80,3,9,95,16"
5436549618,4556404430,False,1590496745,2170,4060,4,7,22,80,6,181,"95,5,50,61,36","12,38,86,30,56"
5436552003,4556417670,True,1590496846,2235,6393,7,7,3,80,8,236,"25,49,9,1,45","108,17,30,21,41"
5436553201,4556401403,True,1590496913,1875,4699,2,7,22,80,5,182,"93,121,84,46,69","39,86,3,106,1"
5436556115,4556419464,True,1590497067,2233,5602,6,0,3,80,8,227,"7,74,38,114,5","62,87,49,47,40"
5436557702,4556392150,True,1590497139,1537,5445,4,0,22,80,5,137,"96,26,32,93,30","7,70,4,23,14"
5436559202,4556399953,True,1590497210,1744,5796,6,0,22,80,8,136,"95,33,111,120,103","20,107,26,10,70"
5436561405,4556414433,False,1590497327,1884,5501,4,7,22,80,7,133,"53,23,90,67,120","11,129,106,31,6"
5436562406,4556478367,False,1590497380,2596,6905,4,7,3,80,8,227,"12,75,29,86,36","93,52,88,3,126"
5436570718,4556430663,False,1590497718,2317,5017,4,7,22,80,7,135,"21,1,7,85,17","11,106,99,45,3"
5436571000,4556417040,True,1590497719,1637,6702,5,7,3,80,8,236,"77,21,49,28,5","13,120,66,105,32"
5436574901,4556421586,True,1590498088,2006,6737,8,1,2,80,10,131,"53,36,106,62,3","46,121,129,86,49"
5436577109,4556555940,True,1590498031,1711,5435,5,7,22,80,7,132,"42,2,37,1,46","114,105,90,74,62"
5436580505,4556413761,True,1590498215,2185,5431,5,7,22,80,7,155,"32,120,17,27,31","56,39,52,70,66"
5436584506,4556495791,True,1590498377,2226,4956,2,7,22,80,7,138,"67,36,19,17,64","21,42,53,65,66"
5436584805,4556469223,False,1590498377,1815,6009,1,7,22,80,5,131,"85,52,120,26,109","4,31,21,46,62"
5436585118,4556453019,True,1590498377,2333,5221,7,7,3,80,9,236,"39,121,96,40,93","64,70,22,28,17"
5436588710,4556422757,True,1590498538,1571,6018,3,7,22,80,7,156,"39,67,52,121,106","36,84,77,126,83"
5436591517,4556465492,False,1590498612,2114,5646,2,7,22,80,4,133,"53,10,12,35,68","39,59,111,104,44"
5436594516,4556505090,False,1590498766,1451,5455,8,7,22,80,10,131,"21,109,111,114,98","19,49,43,52,83"
5436595816,4556416578,True,1590498808,1798,4708,6,7,22,80,8,188,"110,87,8,53,106","28,63,128,126,114"
5436598318,4556513582,True,1590498901,1397,5312,8,7,3,80,8,227,"32,39,69,22,77","49,126,44,84,3"
5436607507,4556452653,False,1590499287,1843,5885,3,7,22,80,5,135,"121,56,79,62,54","1,84,61,126,110"
5436607512,4556420769,True,1590499287,1513,5628,2,7,22,80,4,183,"12,21,77,85,7","88,34,38,8,84"
5436608916,4556423982,False,1590499361,1679,5439,7,7,3,80,9,227,"58,44,25,11,23","38,1,86,15,64"
5436613505,4556433417,True,1590499523,1703,5637,3,7,22,80,4,132,"53,86,90,126,109","23,129,10,106,3"
5436614614,4556482477,False,1590499550,1545,4625,6,7,22,80,7,155,"64,6,71,38,126","86,42,128,120,39"
5436619016,4556472101,False,1590499764,2143,4685,3,7,22,80,8,153,"14,5,59,129,41","112,9,19,104,12"
5436619517,4556436760,False,1590499764,1253,5640,5,7,22,80,5,154,"82,44,27,96,126","114,31,39,62,104"
5436622101,4556458112,True,1590499881,2748,5484,8,7,22,80,8,137,"2,77,56,30,110","45,36,54,62,37"
5436625115,4556447132,False,1590500025,1966,4619,3,7,22,80,4,134,"93,11,19,87,120","32,3,68,53,39"
5436629518,4556435027,True,1590500217,1624,5649,5,7,22,80,6,134,"45,11,100,38,114","43,12,36,21,105"
5436631719,4556454519,True,1590500307,1758,5569,3,7,22,80,4,183,"114,121,126,56,101","129,86,1,25,30"
5436631905,4556440130,True,1590500307,1993,4457,8,7,22,80,8,152,"56,92,17,41,27","39,79,114,63,83"
5436641615,4556456219,True,1590500721,1838,5191,4,7,22,80,6,137,"12,126,65,121,9","51,92,77,31,38"
5436642606,4556478235,False,1590500773,3361,3328,2,7,22,80,3,138,"104,1,62,113,5","63,20,12,129,4"
5436642711,4556442871,True,1590500773,1574,4752,2,7,22,80,5,188,"16,70,82,128,27","129,110,1,30,46"
5436644719,4556524645,False,1590500876,2903,4205,3,7,22,80,6,151,"111,104,8,79,106","39,17,10,7,87"
5436647709,4556470673,False,1590500972,2400,5692,3,7,22,80,3,185,"85,41,129,35,56","71,33,39,1,3"
5436654702,4556475138,False,1590501754,2317,7442,9,1,2,80,10,134,"81,11,30,86,126","26,114,39,58,49"
5436655217,4556474788,True,1590501300,2398,5345,2,7,22,80,4,187,"3,99,35,40,41","1,119,55,100,46"
5436662903,4556472520,True,1590501619,1811,5454,8,7,3,80,10,223,"13,25,50,60,10","95,75,43,129,35"
5436664412,4556491113,False,1590501681,1890,4667,4,7,22,80,6,187,"121,86,34,83,10","12,126,88,38,5"
5436668107,4556463917,True,1590501913,1699,4715,4,7,22,80,6,152,"38,42,20,39,14","126,26,114,105,60"
5436669906,4556459594,True,1590501938,1172,4625,5,7,22,80,6,192,"95,40,46,38,110","73,70,28,87,128"
5436670001,4556496645,True,1590501938,1402,4266,3,7,22,80,7,191,"101,12,35,38,31","20,39,96,48,92"
5436670010,4556538405,True,1590501960,1846,4112,3,7,22,80,5,151,"20,16,35,67,74","114,51,17,25,31"
5436671315,4556561599,False,1590501960,2991,3963,7,0,22,80,9,223,"35,74,83,6,79","87,1,7,21,39"
5436672909,4556478142,False,1590502039,2308,4950,6,7,22,80,6,182,"83,9,126,95,2","65,42,76,69,51"
5436675801,4556481785,True,1590502145,1437,5742,3,7,3,80,6,227,"121,59,120,77,7","62,40,93,33,46"
5436676510,4556517140,False,1590502179,2244,5472,3,7,22,80,4,182,"93,11,129,105,5","110,53,30,89,34"
5436677907,4556495241,False,1590502695,2700,8248,8,1,2,80,10,133,"39,110,44,2,112","51,72,38,3,126"
5436678617,4556491900,False,1590502253,2653,5508,7,7,3,80,8,223,"98,13,41,30,74","29,40,1,5,17"
5436679814,4556483246,False,1590502873,1526,7405,9,1,2,80,10,137,"84,17,41,121,2","90,92,106,100,21"
5436683410,4556491540,True,1590502423,2445,5559,5,7,22,80,6,186,"17,85,54,62,86","110,93,11,13,39"
5436689016,4556571897,False,1590502695,2308,5051,6,7,3,80,10,236,"46,94,129,64,86","76,32,14,16,22"
5436692013,4556567766,False,1590502797,2245,4997,9,7,22,80,10,131,"3,129,21,69,4","44,120,75,16,9"
5436692418,4556470668,False,1590502874,881,5661,3,7,22,80,7,138,"68,51,11,3,95","62,47,64,107,12"
5436694113,4556499148,True,1590502915,2042,5782,2,7,22,80,5,135,"92,18,68,109,39","62,4,120,66,86"
5436703019,4556523428,False,1590503273,2444,3697,4,7,22,80,5,136,"93,3,74,128,23","126,96,30,22,10"
5436705805,4556572550,False,1590503423,2655,6580,5,7,3,80,7,236,"75,46,6,40,42","32,3,79,38,34"
5436707608,4556513200,False,1590503474,1789,5681,7,7,3,80,8,223,"35,25,16,61,70","100,3,38,12,22"
5436708502,4556494313,False,1590503518,1784,4951,3,7,22,80,5,153,"121,114,40,88,74","12,72,65,126,57"
5436719019,4556547610,False,1590503949,2229,7705,10,7,3,80,10,227,"7,29,12,70,30","86,73,126,68,38"
5436719407,4556523637,True,1590503967,1137,4352,4,7,22,80,6,135,"8,50,114,39,33","110,96,85,1,106"
5436719607,4556516458,False,1590503949,2468,4700,4,7,22,80,7,251,"64,121,63,17,70","59,110,85,126,12"
5436722105,4556524439,True,1590504105,2371,5087,8,7,22,80,9,135,"21,121,64,12,126","106,100,31,54,40"
5436734705,4556543611,True,1590504600,1824,5182,6,7,3,80,9,236,"79,45,4,49,87","8,64,110,114,11"
5436735712,4556530990,False,1590504646,888,6085,5,7,22,80,6,133,"1,87,39,66,49","7,73,40,36,58"
5436738612,4556513235,True,1590504787,1832,3872,6,7,22,80,7,181,"42,100,65,62,92","63,30,49,77,48"
5436739813,4556569229,True,1590504812,2411,5613,2,0,22,80,4,156,"92,111,104,10,67","113,13,109,2,3"
5436743819,4556514817,False,1590504982,1708,4873,5,7,22,80,5,137,"101,46,8,5,129","11,41,83,120,75"
5436745017,4556540496,True,1590505028,1850,6826,9,7,3,80,9,236,"87,23,7,114,110","49,74,98,106,9"
5436745913,4556527745,False,1590505064,2029,7039,3,7,22,80,6,138,"126,39,37,107,67","55,47,31,44,71"
5436746414,4556546942,True,1590505092,1876,5469,4,7,22,80,6,137,"95,108,52,64,62","12,17,100,99,31"
5436747717,4556550411,True,1590505132,3059,4824,3,7,22,80,4,123,"64,10,120,27,12","23,83,119,52,62"
5436749409,4556553437,False,1590505191,1926,3538,4,7,22,80,6,132,"17,95,105,98,50","74,28,70,68,7"
5436759617,4556591572,True,1590505787,3837,7442,9,1,2,80,10,132,"120,114,39,58,27","30,47,126,83,95"
5436761305,4556572529,False,1590505740,1890,5375,5,7,22,80,7,138,"104,112,93,52,11","1,129,39,101,107"
5436767519,4556551495,False,1590506081,1451,6681,8,1,2,80,10,136,"93,91,106,121,84","111,39,10,88,33"
5436772200,4556555815,True,1590506208,2087,4631,5,7,22,80,9,152,"119,108,44,7,25","39,22,74,56,120"
5436776705,4556590485,False,1590506372,2665,5765,3,7,22,80,7,181,"62,11,2,1,21","22,56,121,16,44"
5436781205,4556617654,False,1590506553,1392,6693,4,7,3,80,7,236,"33,22,67,51,105","12,98,101,120,39"
5436785703,4556601365,True,1590506746,2725,4993,6,7,22,80,10,137,"49,111,56,21,62","79,12,39,86,10"
5436788507,4556594677,False,1590506881,1426,5093,3,7,22,80,4,136,"3,21,77,128,12","107,38,29,90,95"
5436790203,4556655679,True,1590506954,3007,5206,4,7,22,80,5,187,"7,17,53,75,8","80,129,86,95,83"
5436791107,4556565632,False,1590506980,2048,5780,5,7,22,80,7,152,"39,110,90,114,78","7,12,45,104,10"
5436792719,4556545700,True,1590507053,1108,4923,6,7,22,80,7,183,"56,2,100,93,7","50,66,54,13,39"
5436798618,4556582614,True,1590507311,1872,5323,2,7,22,80,3,131,"86,42,53,120,30","45,7,68,106,17"
5436798914,4556635043,True,1590507329,1402,5669,2,7,22,80,7,131,"110,77,111,96,48","53,86,129,10,59"
5436800904,4556593370,False,1590507388,2698,4512,4,7,22,80,4,133,"104,46,5,70,68","126,2,3,67,35"
5436802711,4556592053,True,1590507527,1423,5366,5,7,22,80,7,132,"106,90,86,63,120","126,21,1,64,16"
5436806610,4556586072,True,1590507649,2256,4380,5,0,22,80,6,136,"106,67,110,39,86","128,100,13,91,56"
5436807718,4556575392,False,1590507688,1857,3886,2,7,22,80,4,134,"87,39,8,70,97","25,46,120,10,53"
5436813101,4556586620,False,1590507968,2098,5857,4,7,22,80,5,152,"82,5,8,112,38","25,40,110,26,44"
5436814404,4556580160,False,1590508003,1408,4975,4,7,22,80,6,155,"113,25,28,90,114","8,9,85,21,120"
5436814614,4556587205,False,1590508003,2059,4195,3,7,22,80,5,153,"19,72,60,9,87","120,128,12,110,77"
